6c43f9a2-f3c1-4281-8d91-21e02c98da5e,admin,admin@admin.com,admin,54522318J,0,Admin1234,https://icon-library.com/images/user-icon-flat/user-icon-flat-0.jpg,0,false,2024-03-17 09:35:50.888000 +00:00,2024-03-17 09:35:52.319000 +00:00
a73421f2-3403-40fd-96a0-13eb5092ee7e,Lafayette,Brown76@example.com,Andreanne89,55432345J,0,password,https://icon-library.com/images/user-icon-flat/user-icon-flat-0.jpg,1,false,2024-03-17 09:27:45.902195 +00:00,2024-03-17 09:27:45.902205 +00:00
cdd3719e-eadb-4c7d-996d-e267fa59977f,Lane,Wyatt.Runolfsdottir58@example.org,Scarlett.Ryan,55432345J,0,password,https://icon-library.com/images/user-icon-flat/user-icon-flat-0.jpg,1,false,2024-03-17 09:27:46.929794 +00:00,2024-03-17 09:27:46.929812 +00:00
ea47ea1c-d2b9-4023-bcaa-7a1c74d340b2,Bennett,Markus_Prosacco61@example.com,Carole.MacGyver27,55432345J,0,password,https://icon-library.com/images/user-icon-flat/user-icon-flat-0.jpg,1,false,2024-03-17 09:27:47.533283 +00:00,2024-03-17 09:27:47.533295 +00:00
50e77161-cd34-45ed-857e-ff3ac9b68e91,Robert,Genesis.Bruen@example.com,Domenic2,55432345J,0,password,https://icon-library.com/images/user-icon-flat/user-icon-flat-0.jpg,1,false,2024-03-17 09:27:48.106600 +00:00,2024-03-17 09:27:48.106607 +00:00
e410b1de-1eca-4e83-9136-a1deb6217b25,Karl,Jasen.Beatty41@example.org,Consuelo.Morissette11,55432345J,0,password,https://icon-library.com/images/user-icon-flat/user-icon-flat-0.jpg,1,false,2024-03-17 09:27:48.625491 +00:00,2024-03-17 09:27:48.625497 +00:00
1642cee0-5923-4035-b32d-a9df3022a21c,Jerod,Jo76@example.com,Domenica_Volkman,55432345J,0,password,https://icon-library.com/images/user-icon-flat/user-icon-flat-0.jpg,1,false,2024-03-17 09:27:49.146902 +00:00,2024-03-17 09:27:49.146907 +00:00
273c7eae-614d-4205-a0aa-2fcf81443dfc,Ocie,Jimmie_Emmerich63@example.com,Karlee.Johnston,55432345J,0,password,https://icon-library.com/images/user-icon-flat/user-icon-flat-0.jpg,1,false,2024-03-17 09:27:49.650594 +00:00,2024-03-17 09:27:49.650599 +00:00
3aea06d3-fc0a-4d7e-9f66-6551d9775ce8,Madeline,Axel76@example.org,Zion59,55432345J,0,password,https://icon-library.com/images/user-icon-flat/user-icon-flat-0.jpg,1,false,2024-03-17 09:27:50.091084 +00:00,2024-03-17 09:27:50.091091 +00:00
1fadb4f6-a331-4862-88b9-9ffa65334c53,Lottie,Willard_Spinka@example.com,Orland.Breitenberg,55432345J,0,password,https://icon-library.com/images/user-icon-flat/user-icon-flat-0.jpg,1,false,2024-03-17 09:27:50.548745 +00:00,2024-03-17 09:27:50.548753 +00:00
453d6cdd-e59e-4a39-b87e-8b39a70998f0,Willis,Wellington.Johnston@example.net,Selmer.Herman17,55432345J,0,password,https://icon-library.com/images/user-icon-flat/user-icon-flat-0.jpg,1,false,2024-03-17 09:27:50.987227 +00:00,2024-03-17 09:27:50.987232 +00:00
de349af5-7489-45f8-9594-fd6fb3d3eaf8,Dennis,Ernestine_Botsford86@example.com,Aglae_Brekke48,55432345J,0,password,https://icon-library.com/images/user-icon-flat/user-icon-flat-0.jpg,1,false,2024-03-17 09:27:51.397893 +00:00,2024-03-17 09:27:51.397902 +00:00
edc763cb-bca5-4807-8790-f5120f0ad86f,Amelie,Janis_Senger@example.com,Fred34,55432345J,0,password,https://icon-library.com/images/user-icon-flat/user-icon-flat-0.jpg,1,false,2024-03-17 09:27:51.759402 +00:00,2024-03-17 09:27:51.759408 +00:00
20cb010b-5af2-451a-a0a6-35da38adaef9,Darius,Kattie20@example.org,Lonzo.Wiegand84,55432345J,0,password,https://icon-library.com/images/user-icon-flat/user-icon-flat-0.jpg,1,false,2024-03-17 09:27:52.103023 +00:00,2024-03-17 09:27:52.103031 +00:00
946a3770-4fbb-4788-8d6c-f20232442542,Edwina,Elna_Halvorson52@example.org,Duane_Homenick,55432345J,0,password,https://icon-library.com/images/user-icon-flat/user-icon-flat-0.jpg,1,false,2024-03-17 09:27:52.451403 +00:00,2024-03-17 09:27:52.451409 +00:00
6d0b6d11-2b5d-4f1e-87e3-c67bc7b33a74,Dorris,Taya.Armstrong@example.org,Roosevelt.Erdman6,55432345J,0,password,https://icon-library.com/images/user-icon-flat/user-icon-flat-0.jpg,1,false,2024-03-17 09:27:53.367123 +00:00,2024-03-17 09:27:53.367132 +00:00
13500bd9-d3a7-4ca5-9ee6-ccc79f14768f,Earlene,Vernice55@example.net,Malinda_Hane,55432345J,0,password,https://icon-library.com/images/user-icon-flat/user-icon-flat-0.jpg,1,false,2024-03-17 09:27:53.790962 +00:00,2024-03-17 09:27:53.790969 +00:00
96967092-408c-46e2-9ecf-3b1313977623,Danika,Darwin.Schaden31@example.org,Rashad_Padberg,55432345J,0,password,https://icon-library.com/images/user-icon-flat/user-icon-flat-0.jpg,1,false,2024-03-17 09:27:54.217086 +00:00,2024-03-17 09:27:54.217094 +00:00
